p_value,strong,unilateral,weak,disconnected,scc_mean,edge_mean
0.001,0,0,0,1000,99.995,9.932
0.002,0,0,0,1000,99.979,19.944
0.003,0,0,0,1000,99.947,29.791
0.004,0,0,0,1000,99.839,39.895
0.005,0,0,0,1000,99.719,49.353
0.006,0,0,0,1000,99.455,59.365
0.007,0,0,0,1000,99.005,69.203
0.008,0,0,0,1000,98.376,79.587
0.009,0,0,0,1000,97.207,88.824
0.01,0,0,0,1000,95.403,99.206
0.011,0,0,0,1000,93.18,108.888
0.012,0,0,0,1000,88.074,118.723
0.013,0,0,0,1000,83.237,128.192
0.014,0,0,3,997,76.537,138.816
0.015,0,0,7,993,70.029,148.307
0.016,0,0,16,984,62.29,158.736
0.017,0,0,28,972,56.083,167.862
0.018,0,0,62,938,48.303,179.142
0.019,0,0,81,919,43.327,188.392
0.02,0,0,163,837,38.13,198.341
0.021,0,0,222,778,34.191,207.817
0.022,0,0,317,683,30.042,218.569
0.023,0,0,339,661,26.882,227.861
0.024,0,0,414,586,23.941,238.017
0.025,0,0,509,491,21.461,247.055
0.026,0,0,578,422,18.893,257.849
0.027,0,0,609,391,16.843,267.791
0.028,0,1,699,301,15.558,277.447
0.029,0,1,753,247,13.702,286.597
0.03,0,4,786,214,12.522,296.445
0.031,0,7,830,170,11.411,306.98
0.032,0,9,839,161,10.241,316.325
0.033,2,26,880,120,9.195,326.838
0.034,1,25,910,90,8.4,336.1
0.035,4,40,908,92,7.443,346.189
0.036,6,76,916,84,6.846,355.985
0.037,10,90,937,63,6.33,366.118
0.038,14,119,961,39,5.785,374.932
0.039,24,188,973,27,5.159,386.785
0.04,33,225,957,43,4.78,395.997
0.041,42,281,979,21,4.436,405.111
0.042,67,348,985,15,4.067,416.378
0.043,84,424,984,16,3.718,426.4
0.044,116,489,989,11,3.421,436.877
0.045,123,524,989,11,3.165,446.116
0.046,164,591,992,8,2.923,455.41
0.047,171,604,993,7,2.813,466.038
0.048,232,669,996,4,2.589,475.491
0.049,250,718,995,5,2.471,485.478
0.05,294,776,998,2,2.265,494.389
0.0509,331,806,997,3,2.129,502.873
0.0519,359,823,995,5,2.045,513.719
0.0529,388,841,1000,0,1.973,523.47
0.0539,445,892,999,1,1.833,533.698
0.0549,446,887,1000,0,1.797,542.632
0.0559,552,910,998,2,1.65,552.952
0.0569,572,937,999,1,1.57,563.323
0.0579,595,940,999,1,1.532,572.87
0.0589,614,949,1000,0,1.495,583.199
0.0599,676,971,1000,0,1.397,594.109
0.0609,668,966,1000,0,1.403,604.755
0.0619,687,971,1000,0,1.387,612.327
0.0629,729,967,1000,0,1.337,623.182
0.0639,743,975,1000,0,1.308,631.984
0.0649,774,989,1000,0,1.254,642.161
0.0659,802,986,999,1,1.232,651.835
0.0669,814,987,1000,0,1.214,661.46
0.0679,810,995,1000,0,1.205,671.513
0.0689,849,994,1000,0,1.167,682.116
0.0699,846,999,1000,0,1.163,692.31
0.0709,874,996,1000,0,1.136,700.697
0.0719,888,996,1000,0,1.121,711.322
0.0729,897,998,1000,0,1.109,722.542
0.0739,902,998,1000,0,1.105,731.453
0.0749,919,997,1000,0,1.085,741.391
0.0759,920,998,1000,0,1.082,751.355
0.0769,925,998,1000,0,1.078,761.477
0.0779,931,998,1000,0,1.072,773.163
0.0789,944,998,1000,0,1.058,780.129
0.0799,935,997,1000,0,1.069,788.677
0.0809,949,999,1000,0,1.052,801.348
0.0819,962,1000,1000,0,1.038,810.653
0.0829,962,1000,1000,0,1.038,820.407
0.0839,975,1000,1000,0,1.025,830.352
0.0849,967,1000,1000,0,1.034,840.012
0.0859,980,1000,1000,0,1.021,849.105
0.0869,983,1000,1000,0,1.018,860.42
0.0879,976,1000,1000,0,1.024,870.088
0.0889,984,1000,1000,0,1.016,880.486
0.0899,982,1000,1000,0,1.018,890.983
0.0909,982,1000,1000,0,1.018,900.569
0.0919,989,1000,1000,0,1.011,909.622
0.0929,982,1000,1000,0,1.018,918.835
0.0939,994,999,1000,0,1.007,930.144
0.0949,986,1000,1000,0,1.014,940.269
0.0959,990,1000,1000,0,1.01,949.081
0.0969,991,1000,1000,0,1.009,958.414
0.0979,994,1000,1000,0,1.006,970.204
0.0989,988,1000,1000,0,1.012,979.338
0.0999,991,1000,1000,0,1.009,990.863
0.1009,994,1000,1000,0,1.006,998.284
0.1019,997,1000,1000,0,1.003,1008.47
0.1029,997,1000,1000,0,1.003,1018.285
0.1039,991,1000,1000,0,1.009,1028.61
0.1049,997,1000,1000,0,1.003,1038.399
0.1059,995,1000,1000,0,1.005,1048.215
0.1069,999,1000,1000,0,1.001,1056.48
0.1079,998,1000,1000,0,1.002,1068.043
0.1089,998,1000,1000,0,1.002,1079.049
0.1099,997,1000,1000,0,1.003,1086.868
0.1109,1000,1000,1000,0,1.0,1097.841
0.1119,998,1000,1000,0,1.002,1107.636
0.1129,999,1000,1000,0,1.001,1117.999
0.1139,998,1000,1000,0,1.002,1129.211
0.1149,999,1000,1000,0,1.001,1136.563
0.1159,1000,1000,1000,0,1.0,1148.1
0.1169,999,1000,1000,0,1.001,1159.501
0.1179,1000,1000,1000,0,1.0,1167.948
0.1189,1000,1000,1000,0,1.0,1175.885
0.1199,1000,1000,1000,0,1.0,1189.303
0.1209,1000,1000,1000,0,1.0,1196.103
0.1219,1000,1000,1000,0,1.0,1207.312
0.1229,1000,1000,1000,0,1.0,1215.261
0.1239,999,1000,1000,0,1.001,1224.533
0.1249,1000,1000,1000,0,1.0,1237.238
0.1259,1000,1000,1000,0,1.0,1246.686
0.1269,999,1000,1000,0,1.001,1255.595
0.1279,999,1000,1000,0,1.001,1267.733
0.1289,1000,1000,1000,0,1.0,1275.385
0.1299,1000,1000,1000,0,1.0,1286.094
0.1309,1000,1000,1000,0,1.0,1295.939
0.1319,1000,1000,1000,0,1.0,1306.058
0.1329,1000,1000,1000,0,1.0,1317.411
0.1339,1000,1000,1000,0,1.0,1325.461
0.1349,1000,1000,1000,0,1.0,1333.634
0.1359,1000,1000,1000,0,1.0,1344.271
0.1369,1000,1000,1000,0,1.0,1354.03
0.1379,1000,1000,1000,0,1.0,1366.181
0.1389,1000,1000,1000,0,1.0,1377.969
0.1399,1000,1000,1000,0,1.0,1384.04
0.1409,1000,1000,1000,0,1.0,1395.005
0.1419,1000,1000,1000,0,1.0,1403.252
0.1429,1000,1000,1000,0,1.0,1414.315
0.1439,1000,1000,1000,0,1.0,1424.066
0.1449,1000,1000,1000,0,1.0,1433.837
0.1459,1000,1000,1000,0,1.0,1444.206
0.1469,1000,1000,1000,0,1.0,1454.051
0.1479,1000,1000,1000,0,1.0,1463.138
0.1489,1000,1000,1000,0,1.0,1473.8
0.1499,999,1000,1000,0,1.001,1481.379
0.1508,1000,1000,1000,0,1.0,1494.599
0.1518,1000,1000,1000,0,1.0,1501.801
0.1528,1000,1000,1000,0,1.0,1514.2
0.1538,1000,1000,1000,0,1.0,1522.98
0.1548,1000,1000,1000,0,1.0,1533.052
0.1558,1000,1000,1000,0,1.0,1542.69
0.1568,1000,1000,1000,0,1.0,1552.724
0.1578,1000,1000,1000,0,1.0,1562.242
0.1588,1000,1000,1000,0,1.0,1572.005
0.1598,1000,1000,1000,0,1.0,1579.901
0.1608,1000,1000,1000,0,1.0,1589.664
0.1618,1000,1000,1000,0,1.0,1603.254
0.1628,1000,1000,1000,0,1.0,1610.565
0.1638,1000,1000,1000,0,1.0,1620.107
0.1648,1000,1000,1000,0,1.0,1634.637
0.1658,1000,1000,1000,0,1.0,1641.951
0.1668,1000,1000,1000,0,1.0,1650.719
0.1678,1000,1000,1000,0,1.0,1660.609
0.1688,1000,1000,1000,0,1.0,1672.576
0.1698,1000,1000,1000,0,1.0,1682.61
0.1708,1000,1000,1000,0,1.0,1689.28
0.1718,1000,1000,1000,0,1.0,1700.525
0.1728,1000,1000,1000,0,1.0,1711.321
0.1738,1000,1000,1000,0,1.0,1720.373
0.1748,1000,1000,1000,0,1.0,1733.104
0.1758,1000,1000,1000,0,1.0,1741.183
0.1768,1000,1000,1000,0,1.0,1751.618
0.1778,1000,1000,1000,0,1.0,1759.956
0.1788,1000,1000,1000,0,1.0,1770.549
0.1798,1000,1000,1000,0,1.0,1781.412
0.1808,1000,1000,1000,0,1.0,1791.514
0.1818,1000,1000,1000,0,1.0,1798.769
0.1828,1000,1000,1000,0,1.0,1808.78
0.1838,1000,1000,1000,0,1.0,1817.741
0.1848,1000,1000,1000,0,1.0,1828.807
0.1858,1000,1000,1000,0,1.0,1841.472
0.1868,1000,1000,1000,0,1.0,1851.066
0.1878,1000,1000,1000,0,1.0,1859.444
0.1888,1000,1000,1000,0,1.0,1869.141
0.1898,1000,1000,1000,0,1.0,1877.962
0.1908,1000,1000,1000,0,1.0,1887.729
0.1918,1000,1000,1000,0,1.0,1901.711
0.1928,1000,1000,1000,0,1.0,1907.517
0.1938,1000,1000,1000,0,1.0,1920.302
0.1948,1000,1000,1000,0,1.0,1929.235
0.1958,1000,1000,1000,0,1.0,1937.594
0.1968,1000,1000,1000,0,1.0,1948.115
0.1978,1000,1000,1000,0,1.0,1960.112
0.1988,1000,1000,1000,0,1.0,1967.976
0.1998,1000,1000,1000,0,1.0,1979.487
0.2008,1000,1000,1000,0,1.0,1987.633
0.2018,1000,1000,1000,0,1.0,2001.181
0.2028,1000,1000,1000,0,1.0,2007.72
0.2038,1000,1000,1000,0,1.0,2017.002
0.2048,1000,1000,1000,0,1.0,2028.575
0.2058,1000,1000,1000,0,1.0,2037.06
0.2068,1000,1000,1000,0,1.0,2047.88
0.2078,1000,1000,1000,0,1.0,2056.455
0.2088,1000,1000,1000,0,1.0,2066.373
0.2098,1000,1000,1000,0,1.0,2073.884
0.2108,1000,1000,1000,0,1.0,2087.172
0.2118,1000,1000,1000,0,1.0,2097.773
0.2128,1000,1000,1000,0,1.0,2105.748
0.2138,1000,1000,1000,0,1.0,2114.664
0.2148,1000,1000,1000,0,1.0,2125.898
0.2158,1000,1000,1000,0,1.0,2136.719
0.2168,1000,1000,1000,0,1.0,2148.318
0.2178,1000,1000,1000,0,1.0,2153.6
0.2188,1000,1000,1000,0,1.0,2165.95
0.2198,1000,1000,1000,0,1.0,2174.339
0.2208,1000,1000,1000,0,1.0,2185.281
0.2218,1000,1000,1000,0,1.0,2196.408
0.2228,1000,1000,1000,0,1.0,2201.955
0.2238,1000,1000,1000,0,1.0,2214.125
0.2248,1000,1000,1000,0,1.0,2225.606
0.2258,1000,1000,1000,0,1.0,2234.342
0.2268,1000,1000,1000,0,1.0,2247.205
0.2278,1000,1000,1000,0,1.0,2256.869
0.2288,1000,1000,1000,0,1.0,2266.255
0.2298,1000,1000,1000,0,1.0,2277.717
0.2308,1000,1000,1000,0,1.0,2283.755
0.2318,1000,1000,1000,0,1.0,2293.862
0.2328,1000,1000,1000,0,1.0,2302.934
0.2338,1000,1000,1000,0,1.0,2311.669
0.2348,1000,1000,1000,0,1.0,2324.656
0.2358,1000,1000,1000,0,1.0,2335.403
0.2368,1000,1000,1000,0,1.0,2345.819
0.2378,1000,1000,1000,0,1.0,2356.57
0.2388,1000,1000,1000,0,1.0,2364.899
0.2398,1000,1000,1000,0,1.0,2374.699
0.2408,1000,1000,1000,0,1.0,2383.22
0.2418,1000,1000,1000,0,1.0,2391.436
0.2428,1000,1000,1000,0,1.0,2402.962
0.2438,1000,1000,1000,0,1.0,2414.496
0.2448,1000,1000,1000,0,1.0,2421.427
0.2458,1000,1000,1000,0,1.0,2433.375
0.2468,1000,1000,1000,0,1.0,2442.646
0.2478,1000,1000,1000,0,1.0,2453.875
0.2488,1000,1000,1000,0,1.0,2461.149
0.2498,1000,1000,1000,0,1.0,2471.676
0.2507,1000,1000,1000,0,1.0,2483.071
0.2517,1000,1000,1000,0,1.0,2490.547
0.2527,1000,1000,1000,0,1.0,2502.842
0.2537,1000,1000,1000,0,1.0,2513.824
0.2547,1000,1000,1000,0,1.0,2521.606
0.2557,1000,1000,1000,0,1.0,2531.657
0.2567,1000,1000,1000,0,1.0,2542.005
0.2577,1000,1000,1000,0,1.0,2551.977
0.2587,1000,1000,1000,0,1.0,2563.072
0.2597,1000,1000,1000,0,1.0,2571.753
0.2607,1000,1000,1000,0,1.0,2582.696
0.2617,1000,1000,1000,0,1.0,2592.202
0.2627,1000,1000,1000,0,1.0,2602.918
0.2637,1000,1000,1000,0,1.0,2611.609
0.2647,1000,1000,1000,0,1.0,2621.522
0.2657,1000,1000,1000,0,1.0,2630.535
0.2667,1000,1000,1000,0,1.0,2637.259
0.2677,1000,1000,1000,0,1.0,2649.739
0.2687,1000,1000,1000,0,1.0,2661.445
0.2697,1000,1000,1000,0,1.0,2669.575
0.2707,1000,1000,1000,0,1.0,2678.829
0.2717,1000,1000,1000,0,1.0,2689.51
0.2727,1000,1000,1000,0,1.0,2696.039
0.2737,1000,1000,1000,0,1.0,2711.057
0.2747,1000,1000,1000,0,1.0,2720.845
0.2757,1000,1000,1000,0,1.0,2729.079
0.2767,1000,1000,1000,0,1.0,2740.227
0.2777,1000,1000,1000,0,1.0,2749.34
0.2787,1000,1000,1000,0,1.0,2759.296
0.2797,1000,1000,1000,0,1.0,2769.584
0.2807,1000,1000,1000,0,1.0,2778.602
0.2817,1000,1000,1000,0,1.0,2790.055
0.2827,1000,1000,1000,0,1.0,2798.063
0.2837,1000,1000,1000,0,1.0,2808.728
0.2847,1000,1000,1000,0,1.0,2819.209
0.2857,1000,1000,1000,0,1.0,2827.105
0.2867,1000,1000,1000,0,1.0,2839.46
0.2877,1000,1000,1000,0,1.0,2847.991
0.2887,1000,1000,1000,0,1.0,2855.107
0.2897,1000,1000,1000,0,1.0,2868.903
0.2907,1000,1000,1000,0,1.0,2878.542
0.2917,1000,1000,1000,0,1.0,2888.549
0.2927,1000,1000,1000,0,1.0,2898.542
0.2937,1000,1000,1000,0,1.0,2906.821
0.2947,1000,1000,1000,0,1.0,2915.996
0.2957,1000,1000,1000,0,1.0,2927.513
0.2967,1000,1000,1000,0,1.0,2935.914
0.2977,1000,1000,1000,0,1.0,2948.113
0.2987,1000,1000,1000,0,1.0,2957.568
0.2997,1000,1000,1000,0,1.0,2966.322
0.3007,1000,1000,1000,0,1.0,2980.285
0.3017,1000,1000,1000,0,1.0,2988.463
0.3027,1000,1000,1000,0,1.0,2995.719
0.3037,1000,1000,1000,0,1.0,3007.856
0.3047,1000,1000,1000,0,1.0,3016.617
0.3057,1000,1000,1000,0,1.0,3026.61
0.3067,1000,1000,1000,0,1.0,3040.833
0.3077,1000,1000,1000,0,1.0,3045.881
0.3087,1000,1000,1000,0,1.0,3054.746
0.3097,1000,1000,1000,0,1.0,3067.395
0.3107,1000,1000,1000,0,1.0,3075.239
0.3117,1000,1000,1000,0,1.0,3086.148
0.3127,1000,1000,1000,0,1.0,3097.005
0.3137,1000,1000,1000,0,1.0,3108.972
0.3147,1000,1000,1000,0,1.0,3117.777
0.3157,1000,1000,1000,0,1.0,3127.952
0.3167,1000,1000,1000,0,1.0,3136.593
0.3177,1000,1000,1000,0,1.0,3143.892
0.3187,1000,1000,1000,0,1.0,3155.286
0.3197,1000,1000,1000,0,1.0,3163.839
0.3207,1000,1000,1000,0,1.0,3177.08
0.3217,1000,1000,1000,0,1.0,3184.976
0.3227,1000,1000,1000,0,1.0,3195.057
0.3237,1000,1000,1000,0,1.0,3206.777
0.3247,1000,1000,1000,0,1.0,3214.322
0.3257,1000,1000,1000,0,1.0,3223.478
0.3267,1000,1000,1000,0,1.0,3234.313
0.3277,1000,1000,1000,0,1.0,3242.674
0.3287,1000,1000,1000,0,1.0,3254.44
0.3297,1000,1000,1000,0,1.0,3261.836
0.3307,1000,1000,1000,0,1.0,3276.567
0.3317,1000,1000,1000,0,1.0,3281.952
0.3327,1000,1000,1000,0,1.0,3291.947
0.3337,1000,1000,1000,0,1.0,3302.518
0.3347,1000,1000,1000,0,1.0,3313.005
0.3357,1000,1000,1000,0,1.0,3323.535
0.3367,1000,1000,1000,0,1.0,3335.47
0.3377,1000,1000,1000,0,1.0,3343.646
0.3387,1000,1000,1000,0,1.0,3353.032
0.3397,1000,1000,1000,0,1.0,3361.054
0.3407,1000,1000,1000,0,1.0,3373.512
0.3417,1000,1000,1000,0,1.0,3383.371
0.3427,1000,1000,1000,0,1.0,3395.061
0.3437,1000,1000,1000,0,1.0,3403.76
0.3447,1000,1000,1000,0,1.0,3413.311
0.3457,1000,1000,1000,0,1.0,3421.058
0.3467,1000,1000,1000,0,1.0,3431.593
0.3477,1000,1000,1000,0,1.0,3439.256
0.3487,1000,1000,1000,0,1.0,3450.995
0.3497,1000,1000,1000,0,1.0,3462.354
0.3506,1000,1000,1000,0,1.0,3472.672
0.3516,1000,1000,1000,0,1.0,3482.272
0.3526,1000,1000,1000,0,1.0,3490.065
0.3536,1000,1000,1000,0,1.0,3501.547
0.3546,1000,1000,1000,0,1.0,3509.059
0.3556,1000,1000,1000,0,1.0,3521.088
0.3566,1000,1000,1000,0,1.0,3525.443
0.3576,1000,1000,1000,0,1.0,3541.216
0.3586,1000,1000,1000,0,1.0,3548.661
0.3596,1000,1000,1000,0,1.0,3559.059
0.3606,1000,1000,1000,0,1.0,3568.89
0.3616,1000,1000,1000,0,1.0,3579.49
0.3626,1000,1000,1000,0,1.0,3587.647
0.3636,1000,1000,1000,0,1.0,3600.481
0.3646,1000,1000,1000,0,1.0,3608.648
0.3656,1000,1000,1000,0,1.0,3621.828
0.3666,1000,1000,1000,0,1.0,3628.825
0.3676,1000,1000,1000,0,1.0,3641.29
0.3686,1000,1000,1000,0,1.0,3647.488
0.3696,1000,1000,1000,0,1.0,3662.375
0.3706,1000,1000,1000,0,1.0,3668.892
0.3716,1000,1000,1000,0,1.0,3680.154
0.3726,1000,1000,1000,0,1.0,3688.884
0.3736,1000,1000,1000,0,1.0,3698.961
0.3746,1000,1000,1000,0,1.0,3706.937
0.3756,1000,1000,1000,0,1.0,3723.448
0.3766,1000,1000,1000,0,1.0,3726.387
0.3776,1000,1000,1000,0,1.0,3737.426
0.3786,1000,1000,1000,0,1.0,3746.57
0.3796,1000,1000,1000,0,1.0,3756.15
0.3806,1000,1000,1000,0,1.0,3768.615
0.3816,1000,1000,1000,0,1.0,3779.371
0.3826,1000,1000,1000,0,1.0,3786.052
0.3836,1000,1000,1000,0,1.0,3797.71
0.3846,1000,1000,1000,0,1.0,3810.496
0.3856,1000,1000,1000,0,1.0,3815.938
0.3866,1000,1000,1000,0,1.0,3827.552
0.3876,1000,1000,1000,0,1.0,3836.727
0.3886,1000,1000,1000,0,1.0,3848.205
0.3896,1000,1000,1000,0,1.0,3857.712
0.3906,1000,1000,1000,0,1.0,3865.649
0.3916,1000,1000,1000,0,1.0,3877.179
0.3926,1000,1000,1000,0,1.0,3887.521
0.3936,1000,1000,1000,0,1.0,3898.113
0.3946,1000,1000,1000,0,1.0,3910.107
0.3956,1000,1000,1000,0,1.0,3918.055
0.3966,1000,1000,1000,0,1.0,3926.591
0.3976,1000,1000,1000,0,1.0,3935.456
0.3986,1000,1000,1000,0,1.0,3945.021
0.3996,1000,1000,1000,0,1.0,3956.586
0.4006,1000,1000,1000,0,1.0,3966.241
0.4016,1000,1000,1000,0,1.0,3975.944
0.4026,1000,1000,1000,0,1.0,3986.473
0.4036,1000,1000,1000,0,1.0,3995.485
0.4046,1000,1000,1000,0,1.0,4005.033
0.4056,1000,1000,1000,0,1.0,4016.823
0.4066,1000,1000,1000,0,1.0,4024.015
0.4076,1000,1000,1000,0,1.0,4036.022
0.4086,1000,1000,1000,0,1.0,4046.079
0.4096,1000,1000,1000,0,1.0,4053.635
0.4106,1000,1000,1000,0,1.0,4064.995
0.4116,1000,1000,1000,0,1.0,4074.716
0.4126,1000,1000,1000,0,1.0,4084.439
0.4136,1000,1000,1000,0,1.0,4094.983
0.4146,1000,1000,1000,0,1.0,4106.958
0.4156,1000,1000,1000,0,1.0,4114.531
0.4166,1000,1000,1000,0,1.0,4124.552
0.4176,1000,1000,1000,0,1.0,4135.444
0.4186,1000,1000,1000,0,1.0,4143.49
0.4196,1000,1000,1000,0,1.0,4153.098
0.4206,1000,1000,1000,0,1.0,4163.227
0.4216,1000,1000,1000,0,1.0,4176.591
0.4226,1000,1000,1000,0,1.0,4184.148
0.4236,1000,1000,1000,0,1.0,4195.189
0.4246,1000,1000,1000,0,1.0,4202.074
0.4256,1000,1000,1000,0,1.0,4216.767
0.4266,1000,1000,1000,0,1.0,4220.088
0.4276,1000,1000,1000,0,1.0,4231.98
0.4286,1000,1000,1000,0,1.0,4242.532
0.4296,1000,1000,1000,0,1.0,4253.009
0.4306,1000,1000,1000,0,1.0,4260.597
0.4316,1000,1000,1000,0,1.0,4273.019
0.4326,1000,1000,1000,0,1.0,4281.968
0.4336,1000,1000,1000,0,1.0,4292.675
0.4346,1000,1000,1000,0,1.0,4301.985
0.4356,1000,1000,1000,0,1.0,4312.336
0.4366,1000,1000,1000,0,1.0,4323.35
0.4376,1000,1000,1000,0,1.0,4330.295
0.4386,1000,1000,1000,0,1.0,4341.617
0.4396,1000,1000,1000,0,1.0,4351.482
0.4406,1000,1000,1000,0,1.0,4364.305
0.4416,1000,1000,1000,0,1.0,4372.604
0.4426,1000,1000,1000,0,1.0,4381.04
0.4436,1000,1000,1000,0,1.0,4390.01
0.4446,1000,1000,1000,0,1.0,4402.055
0.4456,1000,1000,1000,0,1.0,4410.111
0.4466,1000,1000,1000,0,1.0,4420.61
0.4476,1000,1000,1000,0,1.0,4428.395
0.4486,1000,1000,1000,0,1.0,4439.912
0.4496,1000,1000,1000,0,1.0,4451.07
0.4505,1000,1000,1000,0,1.0,4459.76
0.4515,1000,1000,1000,0,1.0,4469.077
0.4525,1000,1000,1000,0,1.0,4479.551
0.4535,1000,1000,1000,0,1.0,4488.218
0.4545,1000,1000,1000,0,1.0,4496.582
0.4555,1000,1000,1000,0,1.0,4510.717
0.4565,1000,1000,1000,0,1.0,4518.085
0.4575,1000,1000,1000,0,1.0,4529.188
0.4585,1000,1000,1000,0,1.0,4538.603
0.4595,1000,1000,1000,0,1.0,4547.34
0.4605,1000,1000,1000,0,1.0,4556.573
0.4615,1000,1000,1000,0,1.0,4568.304
0.4625,1000,1000,1000,0,1.0,4576.194
0.4635,1000,1000,1000,0,1.0,4590.676
0.4645,1000,1000,1000,0,1.0,4599.414
0.4655,1000,1000,1000,0,1.0,4609.0
0.4665,1000,1000,1000,0,1.0,4619.219
0.4675,1000,1000,1000,0,1.0,4629.374
0.4685,1000,1000,1000,0,1.0,4635.387
0.4695,1000,1000,1000,0,1.0,4650.354
0.4705,1000,1000,1000,0,1.0,4657.04
0.4715,1000,1000,1000,0,1.0,4664.678
0.4725,1000,1000,1000,0,1.0,4680.024
0.4735,1000,1000,1000,0,1.0,4687.655
0.4745,1000,1000,1000,0,1.0,4698.607
0.4755,1000,1000,1000,0,1.0,4707.724
0.4765,1000,1000,1000,0,1.0,4715.57
0.4775,1000,1000,1000,0,1.0,4724.838
0.4785,1000,1000,1000,0,1.0,4734.973
0.4795,1000,1000,1000,0,1.0,4748.321
0.4805,1000,1000,1000,0,1.0,4759.031
0.4815,1000,1000,1000,0,1.0,4765.148
0.4825,1000,1000,1000,0,1.0,4773.977
0.4835,1000,1000,1000,0,1.0,4788.111
0.4845,1000,1000,1000,0,1.0,4798.266
0.4855,1000,1000,1000,0,1.0,4806.261
0.4865,1000,1000,1000,0,1.0,4811.491
0.4875,1000,1000,1000,0,1.0,4824.475
0.4885,1000,1000,1000,0,1.0,4836.503
0.4895,1000,1000,1000,0,1.0,4845.976
0.4905,1000,1000,1000,0,1.0,4855.694
0.4915,1000,1000,1000,0,1.0,4865.773
0.4925,1000,1000,1000,0,1.0,4877.398
0.4935,1000,1000,1000,0,1.0,4884.91
0.4945,1000,1000,1000,0,1.0,4893.199
0.4955,1000,1000,1000,0,1.0,4906.699
0.4965,1000,1000,1000,0,1.0,4917.443
0.4975,1000,1000,1000,0,1.0,4925.327
0.4985,1000,1000,1000,0,1.0,4933.806
0.4995,1000,1000,1000,0,1.0,4945.501
0.5005,1000,1000,1000,0,1.0,4951.663
0.5015,1000,1000,1000,0,1.0,4966.026
0.5025,1000,1000,1000,0,1.0,4974.516
0.5035,1000,1000,1000,0,1.0,4981.049
0.5045,1000,1000,1000,0,1.0,4993.161
0.5055,1000,1000,1000,0,1.0,5008.198
0.5065,1000,1000,1000,0,1.0,5015.956
0.5075,1000,1000,1000,0,1.0,5024.926
0.5085,1000,1000,1000,0,1.0,5032.886
0.5095,1000,1000,1000,0,1.0,5044.171
0.5105,1000,1000,1000,0,1.0,5055.588
0.5115,1000,1000,1000,0,1.0,5067.618
0.5125,1000,1000,1000,0,1.0,5073.469
0.5135,1000,1000,1000,0,1.0,5085.021
0.5145,1000,1000,1000,0,1.0,5096.469
0.5155,1000,1000,1000,0,1.0,5102.865
0.5165,1000,1000,1000,0,1.0,5114.103
0.5175,1000,1000,1000,0,1.0,5123.714
0.5185,1000,1000,1000,0,1.0,5134.615
0.5195,1000,1000,1000,0,1.0,5143.073
0.5205,1000,1000,1000,0,1.0,5155.321
0.5215,1000,1000,1000,0,1.0,5161.899
0.5225,1000,1000,1000,0,1.0,5175.098
0.5235,1000,1000,1000,0,1.0,5183.023
0.5245,1000,1000,1000,0,1.0,5191.597
0.5255,1000,1000,1000,0,1.0,5201.765
0.5265,1000,1000,1000,0,1.0,5212.127
0.5275,1000,1000,1000,0,1.0,5219.751
0.5285,1000,1000,1000,0,1.0,5233.756
0.5295,1000,1000,1000,0,1.0,5240.662
0.5305,1000,1000,1000,0,1.0,5252.41
0.5315,1000,1000,1000,0,1.0,5262.653
0.5325,1000,1000,1000,0,1.0,5272.173
0.5335,1000,1000,1000,0,1.0,5281.285
0.5345,1000,1000,1000,0,1.0,5291.557
0.5355,1000,1000,1000,0,1.0,5301.266
0.5365,1000,1000,1000,0,1.0,5308.701
0.5375,1000,1000,1000,0,1.0,5324.076
0.5385,1000,1000,1000,0,1.0,5330.377
0.5395,1000,1000,1000,0,1.0,5340.181
0.5405,1000,1000,1000,0,1.0,5352.462
0.5415,1000,1000,1000,0,1.0,5361.694
0.5425,1000,1000,1000,0,1.0,5367.938
0.5435,1000,1000,1000,0,1.0,5381.329
0.5445,1000,1000,1000,0,1.0,5390.351
0.5455,1000,1000,1000,0,1.0,5399.787
0.5465,1000,1000,1000,0,1.0,5407.943
0.5475,1000,1000,1000,0,1.0,5419.19
0.5485,1000,1000,1000,0,1.0,5431.333
0.5495,1000,1000,1000,0,1.0,5442.938
0.5504,1000,1000,1000,0,1.0,5449.112
0.5514,1000,1000,1000,0,1.0,5458.22
0.5524,1000,1000,1000,0,1.0,5470.786
0.5534,1000,1000,1000,0,1.0,5479.434
0.5544,1000,1000,1000,0,1.0,5488.515
0.5554,1000,1000,1000,0,1.0,5496.77
0.5564,1000,1000,1000,0,1.0,5507.426
0.5574,1000,1000,1000,0,1.0,5520.298
0.5584,1000,1000,1000,0,1.0,5528.563
0.5594,1000,1000,1000,0,1.0,5540.259
0.5604,1000,1000,1000,0,1.0,5547.959
0.5614,1000,1000,1000,0,1.0,5557.194
0.5624,1000,1000,1000,0,1.0,5566.924
0.5634,1000,1000,1000,0,1.0,5576.213
0.5644,1000,1000,1000,0,1.0,5589.178
0.5654,1000,1000,1000,0,1.0,5596.526
0.5664,1000,1000,1000,0,1.0,5605.676
0.5674,1000,1000,1000,0,1.0,5618.875
0.5684,1000,1000,1000,0,1.0,5625.902
0.5694,1000,1000,1000,0,1.0,5636.785
0.5704,1000,1000,1000,0,1.0,5650.436
0.5714,1000,1000,1000,0,1.0,5656.437
0.5724,1000,1000,1000,0,1.0,5669.239
0.5734,1000,1000,1000,0,1.0,5676.068
0.5744,1000,1000,1000,0,1.0,5689.071
0.5754,1000,1000,1000,0,1.0,5696.145
0.5764,1000,1000,1000,0,1.0,5706.824
0.5774,1000,1000,1000,0,1.0,5715.272
0.5784,1000,1000,1000,0,1.0,5726.184
0.5794,1000,1000,1000,0,1.0,5735.197
0.5804,1000,1000,1000,0,1.0,5747.069
0.5814,1000,1000,1000,0,1.0,5757.951
0.5824,1000,1000,1000,0,1.0,5764.635
0.5834,1000,1000,1000,0,1.0,5776.365
0.5844,1000,1000,1000,0,1.0,5786.434
0.5854,1000,1000,1000,0,1.0,5794.56
0.5864,1000,1000,1000,0,1.0,5804.184
0.5874,1000,1000,1000,0,1.0,5815.062
0.5884,1000,1000,1000,0,1.0,5824.802
0.5894,1000,1000,1000,0,1.0,5833.35
0.5904,1000,1000,1000,0,1.0,5845.654
0.5914,1000,1000,1000,0,1.0,5853.049
0.5924,1000,1000,1000,0,1.0,5863.51
0.5934,1000,1000,1000,0,1.0,5871.23
0.5944,1000,1000,1000,0,1.0,5884.669
0.5954,1000,1000,1000,0,1.0,5892.053
0.5964,1000,1000,1000,0,1.0,5902.4
0.5974,1000,1000,1000,0,1.0,5916.161
0.5984,1000,1000,1000,0,1.0,5924.327
0.5994,1000,1000,1000,0,1.0,5934.453
0.6004,1000,1000,1000,0,1.0,5946.041
0.6014,1000,1000,1000,0,1.0,5955.166
0.6024,1000,1000,1000,0,1.0,5962.847
0.6034,1000,1000,1000,0,1.0,5972.945
0.6044,1000,1000,1000,0,1.0,5985.559
0.6054,1000,1000,1000,0,1.0,5989.858
0.6064,1000,1000,1000,0,1.0,6001.598
0.6074,1000,1000,1000,0,1.0,6011.412
0.6084,1000,1000,1000,0,1.0,6022.049
0.6094,1000,1000,1000,0,1.0,6032.455
0.6104,1000,1000,1000,0,1.0,6043.07
0.6114,1000,1000,1000,0,1.0,6050.745
0.6124,1000,1000,1000,0,1.0,6065.817
0.6134,1000,1000,1000,0,1.0,6070.557
0.6144,1000,1000,1000,0,1.0,6083.259
0.6154,1000,1000,1000,0,1.0,6093.673
0.6164,1000,1000,1000,0,1.0,6102.812
0.6174,1000,1000,1000,0,1.0,6115.286
0.6184,1000,1000,1000,0,1.0,6123.376
0.6194,1000,1000,1000,0,1.0,6129.73
0.6204,1000,1000,1000,0,1.0,6142.192
0.6214,1000,1000,1000,0,1.0,6152.16
0.6224,1000,1000,1000,0,1.0,6161.937
0.6234,1000,1000,1000,0,1.0,6171.241
0.6244,1000,1000,1000,0,1.0,6179.674
0.6254,1000,1000,1000,0,1.0,6192.577
0.6264,1000,1000,1000,0,1.0,6202.131
0.6274,1000,1000,1000,0,1.0,6211.081
0.6284,1000,1000,1000,0,1.0,6220.235
0.6294,1000,1000,1000,0,1.0,6233.024
0.6304,1000,1000,1000,0,1.0,6242.118
0.6314,1000,1000,1000,0,1.0,6251.247
0.6324,1000,1000,1000,0,1.0,6262.255
0.6334,1000,1000,1000,0,1.0,6271.601
0.6344,1000,1000,1000,0,1.0,6280.188
0.6354,1000,1000,1000,0,1.0,6288.709
0.6364,1000,1000,1000,0,1.0,6295.901
0.6374,1000,1000,1000,0,1.0,6310.16
0.6384,1000,1000,1000,0,1.0,6322.366
0.6394,1000,1000,1000,0,1.0,6327.841
0.6404,1000,1000,1000,0,1.0,6342.38
0.6414,1000,1000,1000,0,1.0,6350.585
0.6424,1000,1000,1000,0,1.0,6357.419
0.6434,1000,1000,1000,0,1.0,6369.39
0.6444,1000,1000,1000,0,1.0,6380.006
0.6454,1000,1000,1000,0,1.0,6390.654
0.6464,1000,1000,1000,0,1.0,6396.781
0.6474,1000,1000,1000,0,1.0,6410.739
0.6484,1000,1000,1000,0,1.0,6421.15
0.6494,1000,1000,1000,0,1.0,6428.436
0.6503,1000,1000,1000,0,1.0,6437.968
0.6513,1000,1000,1000,0,1.0,6447.526
0.6523,1000,1000,1000,0,1.0,6458.517
0.6533,1000,1000,1000,0,1.0,6470.256
0.6543,1000,1000,1000,0,1.0,6478.439
0.6553,1000,1000,1000,0,1.0,6486.959
0.6563,1000,1000,1000,0,1.0,6498.029
0.6573,1000,1000,1000,0,1.0,6508.788
0.6583,1000,1000,1000,0,1.0,6520.14
0.6593,1000,1000,1000,0,1.0,6526.457
0.6603,1000,1000,1000,0,1.0,6539.085
0.6613,1000,1000,1000,0,1.0,6546.735
0.6623,1000,1000,1000,0,1.0,6557.314
0.6633,1000,1000,1000,0,1.0,6568.064
0.6643,1000,1000,1000,0,1.0,6575.807
0.6653,1000,1000,1000,0,1.0,6585.694
0.6663,1000,1000,1000,0,1.0,6594.465
0.6673,1000,1000,1000,0,1.0,6605.797
0.6683,1000,1000,1000,0,1.0,6613.404
0.6693,1000,1000,1000,0,1.0,6628.531
0.6703,1000,1000,1000,0,1.0,6636.852
0.6713,1000,1000,1000,0,1.0,6645.653
0.6723,1000,1000,1000,0,1.0,6655.247
0.6733,1000,1000,1000,0,1.0,6665.117
0.6743,1000,1000,1000,0,1.0,6673.346
0.6753,1000,1000,1000,0,1.0,6690.501
0.6763,1000,1000,1000,0,1.0,6697.484
0.6773,1000,1000,1000,0,1.0,6705.123
0.6783,1000,1000,1000,0,1.0,6713.292
0.6793,1000,1000,1000,0,1.0,6725.99
0.6803,1000,1000,1000,0,1.0,6734.166
0.6813,1000,1000,1000,0,1.0,6746.124
0.6823,1000,1000,1000,0,1.0,6754.549
0.6833,1000,1000,1000,0,1.0,6764.377
0.6843,1000,1000,1000,0,1.0,6773.049
0.6853,1000,1000,1000,0,1.0,6783.234
0.6863,1000,1000,1000,0,1.0,6793.692
0.6873,1000,1000,1000,0,1.0,6801.754
0.6883,1000,1000,1000,0,1.0,6816.019
0.6893,1000,1000,1000,0,1.0,6823.47
0.6903,1000,1000,1000,0,1.0,6834.294
0.6913,1000,1000,1000,0,1.0,6844.399
0.6923,1000,1000,1000,0,1.0,6852.704
0.6933,1000,1000,1000,0,1.0,6864.559
0.6943,1000,1000,1000,0,1.0,6876.496
0.6953,1000,1000,1000,0,1.0,6883.648
0.6963,1000,1000,1000,0,1.0,6891.879
0.6973,1000,1000,1000,0,1.0,6904.623
0.6983,1000,1000,1000,0,1.0,6913.431
0.6993,1000,1000,1000,0,1.0,6922.022
0.7003,1000,1000,1000,0,1.0,6932.875
0.7013,1000,1000,1000,0,1.0,6943.637
0.7023,1000,1000,1000,0,1.0,6951.824
0.7033,1000,1000,1000,0,1.0,6962.797
0.7043,1000,1000,1000,0,1.0,6971.224
0.7053,1000,1000,1000,0,1.0,6983.502
0.7063,1000,1000,1000,0,1.0,6990.823
0.7073,1000,1000,1000,0,1.0,7000.891
0.7083,1000,1000,1000,0,1.0,7012.028
0.7093,1000,1000,1000,0,1.0,7022.37
0.7103,1000,1000,1000,0,1.0,7031.612
0.7113,1000,1000,1000,0,1.0,7042.203
0.7123,1000,1000,1000,0,1.0,7051.463
0.7133,1000,1000,1000,0,1.0,7063.026
0.7143,1000,1000,1000,0,1.0,7073.545
0.7153,1000,1000,1000,0,1.0,7081.749
0.7163,1000,1000,1000,0,1.0,7091.65
0.7173,1000,1000,1000,0,1.0,7099.868
0.7183,1000,1000,1000,0,1.0,7109.806
0.7193,1000,1000,1000,0,1.0,7121.969
0.7203,1000,1000,1000,0,1.0,7129.448
0.7213,1000,1000,1000,0,1.0,7141.151
0.7223,1000,1000,1000,0,1.0,7152.519
0.7233,1000,1000,1000,0,1.0,7161.729
0.7243,1000,1000,1000,0,1.0,7169.034
0.7253,1000,1000,1000,0,1.0,7179.265
0.7263,1000,1000,1000,0,1.0,7188.743
0.7273,1000,1000,1000,0,1.0,7199.833
0.7283,1000,1000,1000,0,1.0,7212.555
0.7293,1000,1000,1000,0,1.0,7218.972
0.7303,1000,1000,1000,0,1.0,7230.539
0.7313,1000,1000,1000,0,1.0,7237.618
0.7323,1000,1000,1000,0,1.0,7251.714
0.7333,1000,1000,1000,0,1.0,7258.884
0.7343,1000,1000,1000,0,1.0,7271.475
0.7353,1000,1000,1000,0,1.0,7279.405
0.7363,1000,1000,1000,0,1.0,7291.12
0.7373,1000,1000,1000,0,1.0,7298.909
0.7383,1000,1000,1000,0,1.0,7310.898
0.7393,1000,1000,1000,0,1.0,7317.292
0.7403,1000,1000,1000,0,1.0,7326.585
0.7413,1000,1000,1000,0,1.0,7337.611
0.7423,1000,1000,1000,0,1.0,7348.228
0.7433,1000,1000,1000,0,1.0,7357.54
0.7443,1000,1000,1000,0,1.0,7367.859
0.7453,1000,1000,1000,0,1.0,7376.827
0.7463,1000,1000,1000,0,1.0,7387.23
0.7473,1000,1000,1000,0,1.0,7399.366
0.7483,1000,1000,1000,0,1.0,7409.27
0.7493,1000,1000,1000,0,1.0,7418.358
0.7502,1000,1000,1000,0,1.0,7425.797
0.7512,1000,1000,1000,0,1.0,7437.741
0.7522,1000,1000,1000,0,1.0,7449.185
0.7532,1000,1000,1000,0,1.0,7455.439
0.7542,1000,1000,1000,0,1.0,7464.844
0.7552,1000,1000,1000,0,1.0,7477.937
0.7562,1000,1000,1000,0,1.0,7485.914
0.7572,1000,1000,1000,0,1.0,7494.789
0.7582,1000,1000,1000,0,1.0,7505.243
0.7592,1000,1000,1000,0,1.0,7517.047
0.7602,1000,1000,1000,0,1.0,7525.787
0.7612,1000,1000,1000,0,1.0,7537.333
0.7622,1000,1000,1000,0,1.0,7546.964
0.7632,1000,1000,1000,0,1.0,7556.34
0.7642,1000,1000,1000,0,1.0,7564.946
0.7652,1000,1000,1000,0,1.0,7573.646
0.7662,1000,1000,1000,0,1.0,7585.845
0.7672,1000,1000,1000,0,1.0,7595.938
0.7682,1000,1000,1000,0,1.0,7602.524
0.7692,1000,1000,1000,0,1.0,7615.695
0.7702,1000,1000,1000,0,1.0,7623.991
0.7712,1000,1000,1000,0,1.0,7636.382
0.7722,1000,1000,1000,0,1.0,7644.483
0.7732,1000,1000,1000,0,1.0,7655.265
0.7742,1000,1000,1000,0,1.0,7665.872
0.7752,1000,1000,1000,0,1.0,7675.546
0.7762,1000,1000,1000,0,1.0,7687.908
0.7772,1000,1000,1000,0,1.0,7694.421
0.7782,1000,1000,1000,0,1.0,7707.081
0.7792,1000,1000,1000,0,1.0,7715.707
0.7802,1000,1000,1000,0,1.0,7724.867
0.7812,1000,1000,1000,0,1.0,7733.074
0.7822,1000,1000,1000,0,1.0,7742.877
0.7832,1000,1000,1000,0,1.0,7754.152
0.7842,1000,1000,1000,0,1.0,7761.674
0.7852,1000,1000,1000,0,1.0,7770.162
0.7862,1000,1000,1000,0,1.0,7782.977
0.7872,1000,1000,1000,0,1.0,7790.776
0.7882,1000,1000,1000,0,1.0,7802.26
0.7892,1000,1000,1000,0,1.0,7813.189
0.7902,1000,1000,1000,0,1.0,7820.759
0.7912,1000,1000,1000,0,1.0,7830.128
0.7922,1000,1000,1000,0,1.0,7842.717
0.7932,1000,1000,1000,0,1.0,7853.887
0.7942,1000,1000,1000,0,1.0,7865.455
0.7952,1000,1000,1000,0,1.0,7872.445
0.7962,1000,1000,1000,0,1.0,7882.559
0.7972,1000,1000,1000,0,1.0,7893.66
0.7982,1000,1000,1000,0,1.0,7900.108
0.7992,1000,1000,1000,0,1.0,7913.579
0.8002,1000,1000,1000,0,1.0,7921.246
0.8012,1000,1000,1000,0,1.0,7931.16
0.8022,1000,1000,1000,0,1.0,7942.995
0.8032,1000,1000,1000,0,1.0,7951.693
0.8042,1000,1000,1000,0,1.0,7962.482
0.8052,1000,1000,1000,0,1.0,7971.066
0.8062,1000,1000,1000,0,1.0,7982.287
0.8072,1000,1000,1000,0,1.0,7991.413
0.8082,1000,1000,1000,0,1.0,8000.37
0.8092,1000,1000,1000,0,1.0,8010.552
0.8102,1000,1000,1000,0,1.0,8020.637
0.8112,1000,1000,1000,0,1.0,8029.074
0.8122,1000,1000,1000,0,1.0,8038.542
0.8132,1000,1000,1000,0,1.0,8051.028
0.8142,1000,1000,1000,0,1.0,8058.902
0.8152,1000,1000,1000,0,1.0,8069.047
0.8162,1000,1000,1000,0,1.0,8081.519
0.8172,1000,1000,1000,0,1.0,8090.785
0.8182,1000,1000,1000,0,1.0,8099.7
0.8192,1000,1000,1000,0,1.0,8108.796
0.8202,1000,1000,1000,0,1.0,8120.374
0.8212,1000,1000,1000,0,1.0,8129.213
0.8222,1000,1000,1000,0,1.0,8138.986
0.8232,1000,1000,1000,0,1.0,8147.89
0.8242,1000,1000,1000,0,1.0,8159.128
0.8252,1000,1000,1000,0,1.0,8168.268
0.8262,1000,1000,1000,0,1.0,8180.835
0.8272,1000,1000,1000,0,1.0,8191.237
0.8282,1000,1000,1000,0,1.0,8200.581
0.8292,1000,1000,1000,0,1.0,8208.107
0.8302,1000,1000,1000,0,1.0,8216.525
0.8312,1000,1000,1000,0,1.0,8231.843
0.8322,1000,1000,1000,0,1.0,8238.103
0.8332,1000,1000,1000,0,1.0,8248.066
0.8342,1000,1000,1000,0,1.0,8258.435
0.8352,1000,1000,1000,0,1.0,8267.583
0.8362,1000,1000,1000,0,1.0,8281.939
0.8372,1000,1000,1000,0,1.0,8285.908
0.8382,1000,1000,1000,0,1.0,8296.616
0.8392,1000,1000,1000,0,1.0,8307.246
0.8402,1000,1000,1000,0,1.0,8317.272
0.8412,1000,1000,1000,0,1.0,8328.511
0.8422,1000,1000,1000,0,1.0,8337.986
0.8432,1000,1000,1000,0,1.0,8348.956
0.8442,1000,1000,1000,0,1.0,8357.844
0.8452,1000,1000,1000,0,1.0,8368.234
0.8462,1000,1000,1000,0,1.0,8375.092
0.8472,1000,1000,1000,0,1.0,8386.062
0.8482,1000,1000,1000,0,1.0,8396.83
0.8492,1000,1000,1000,0,1.0,8407.717
0.8501,1000,1000,1000,0,1.0,8415.1
0.8511,1000,1000,1000,0,1.0,8424.368
0.8521,1000,1000,1000,0,1.0,8436.433
0.8531,1000,1000,1000,0,1.0,8446.652
0.8541,1000,1000,1000,0,1.0,8457.291
0.8551,1000,1000,1000,0,1.0,8468.109
0.8561,1000,1000,1000,0,1.0,8475.583
0.8571,1000,1000,1000,0,1.0,8484.797
0.8581,1000,1000,1000,0,1.0,8494.538
0.8591,1000,1000,1000,0,1.0,8503.185
0.8601,1000,1000,1000,0,1.0,8514.131
0.8611,1000,1000,1000,0,1.0,8523.277
0.8621,1000,1000,1000,0,1.0,8533.781
0.8631,1000,1000,1000,0,1.0,8545.467
0.8641,1000,1000,1000,0,1.0,8552.903
0.8651,1000,1000,1000,0,1.0,8564.39
0.8661,1000,1000,1000,0,1.0,8573.202
0.8671,1000,1000,1000,0,1.0,8583.971
0.8681,1000,1000,1000,0,1.0,8593.707
0.8691,1000,1000,1000,0,1.0,8604.242
0.8701,1000,1000,1000,0,1.0,8616.178
0.8711,1000,1000,1000,0,1.0,8623.44
0.8721,1000,1000,1000,0,1.0,8633.139
0.8731,1000,1000,1000,0,1.0,8644.587
0.8741,1000,1000,1000,0,1.0,8654.326
0.8751,1000,1000,1000,0,1.0,8663.423
0.8761,1000,1000,1000,0,1.0,8674.119
0.8771,1000,1000,1000,0,1.0,8683.267
0.8781,1000,1000,1000,0,1.0,8694.272
0.8791,1000,1000,1000,0,1.0,8702.646
0.8801,1000,1000,1000,0,1.0,8713.933
0.8811,1000,1000,1000,0,1.0,8720.987
0.8821,1000,1000,1000,0,1.0,8731.845
0.8831,1000,1000,1000,0,1.0,8741.809
0.8841,1000,1000,1000,0,1.0,8751.805
0.8851,1000,1000,1000,0,1.0,8762.201
0.8861,1000,1000,1000,0,1.0,8774.333
0.8871,1000,1000,1000,0,1.0,8784.213
0.8881,1000,1000,1000,0,1.0,8790.483
0.8891,1000,1000,1000,0,1.0,8802.795
0.8901,1000,1000,1000,0,1.0,8811.354
0.8911,1000,1000,1000,0,1.0,8823.653
0.8921,1000,1000,1000,0,1.0,8831.427
0.8931,1000,1000,1000,0,1.0,8840.446
0.8941,1000,1000,1000,0,1.0,8850.667
0.8951,1000,1000,1000,0,1.0,8862.463
0.8961,1000,1000,1000,0,1.0,8870.985
0.8971,1000,1000,1000,0,1.0,8882.106
0.8981,1000,1000,1000,0,1.0,8890.61
0.8991,1000,1000,1000,0,1.0,8900.599
0.9001,1000,1000,1000,0,1.0,8910.1
0.9011,1000,1000,1000,0,1.0,8921.09
0.9021,1000,1000,1000,0,1.0,8931.133
0.9031,1000,1000,1000,0,1.0,8941.411
0.9041,1000,1000,1000,0,1.0,8949.185
0.9051,1000,1000,1000,0,1.0,8961.469
0.9061,1000,1000,1000,0,1.0,8970.248
0.9071,1000,1000,1000,0,1.0,8979.515
0.9081,1000,1000,1000,0,1.0,8990.951
0.9091,1000,1000,1000,0,1.0,9000.022
0.9101,1000,1000,1000,0,1.0,9009.596
0.9111,1000,1000,1000,0,1.0,9020.435
0.9121,1000,1000,1000,0,1.0,9029.546
0.9131,1000,1000,1000,0,1.0,9038.877
0.9141,1000,1000,1000,0,1.0,9047.184
0.9151,1000,1000,1000,0,1.0,9060.347
0.9161,1000,1000,1000,0,1.0,9069.554
0.9171,1000,1000,1000,0,1.0,9079.519
0.9181,1000,1000,1000,0,1.0,9088.707
0.9191,1000,1000,1000,0,1.0,9100.307
0.9201,1000,1000,1000,0,1.0,9109.297
0.9211,1000,1000,1000,0,1.0,9118.615
0.9221,1000,1000,1000,0,1.0,9129.553
0.9231,1000,1000,1000,0,1.0,9139.226
0.9241,1000,1000,1000,0,1.0,9148.962
0.9251,1000,1000,1000,0,1.0,9157.19
0.9261,1000,1000,1000,0,1.0,9168.315
0.9271,1000,1000,1000,0,1.0,9177.779
0.9281,1000,1000,1000,0,1.0,9188.722
0.9291,1000,1000,1000,0,1.0,9197.981
0.9301,1000,1000,1000,0,1.0,9207.87
0.9311,1000,1000,1000,0,1.0,9218.135
0.9321,1000,1000,1000,0,1.0,9227.992
0.9331,1000,1000,1000,0,1.0,9236.823
0.9341,1000,1000,1000,0,1.0,9248.553
0.9351,1000,1000,1000,0,1.0,9257.824
0.9361,1000,1000,1000,0,1.0,9267.762
0.9371,1000,1000,1000,0,1.0,9277.122
0.9381,1000,1000,1000,0,1.0,9287.604
0.9391,1000,1000,1000,0,1.0,9296.858
0.9401,1000,1000,1000,0,1.0,9306.829
0.9411,1000,1000,1000,0,1.0,9316.363
0.9421,1000,1000,1000,0,1.0,9326.362
0.9431,1000,1000,1000,0,1.0,9336.079
0.9441,1000,1000,1000,0,1.0,9347.035
0.9451,1000,1000,1000,0,1.0,9356.025
0.9461,1000,1000,1000,0,1.0,9366.356
0.9471,1000,1000,1000,0,1.0,9375.437
0.9481,1000,1000,1000,0,1.0,9386.529
0.9491,1000,1000,1000,0,1.0,9397.206
0.95,1000,1000,1000,0,1.0,9403.287
0.951,1000,1000,1000,0,1.0,9414.596
0.952,1000,1000,1000,0,1.0,9424.975
0.953,1000,1000,1000,0,1.0,9434.747
0.954,1000,1000,1000,0,1.0,9444.618
0.955,1000,1000,1000,0,1.0,9454.333
0.956,1000,1000,1000,0,1.0,9464.524
0.957,1000,1000,1000,0,1.0,9473.937
0.958,1000,1000,1000,0,1.0,9484.019
0.959,1000,1000,1000,0,1.0,9493.547
0.96,1000,1000,1000,0,1.0,9503.736
0.961,1000,1000,1000,0,1.0,9513.477
0.962,1000,1000,1000,0,1.0,9524.723
0.963,1000,1000,1000,0,1.0,9533.522
0.964,1000,1000,1000,0,1.0,9544.175
0.965,1000,1000,1000,0,1.0,9554.352
0.966,1000,1000,1000,0,1.0,9563.181
0.967,1000,1000,1000,0,1.0,9573.58
0.968,1000,1000,1000,0,1.0,9583.835
0.969,1000,1000,1000,0,1.0,9594.104
0.97,1000,1000,1000,0,1.0,9603.834
0.971,1000,1000,1000,0,1.0,9613.061
0.972,1000,1000,1000,0,1.0,9623.207
0.973,1000,1000,1000,0,1.0,9632.356
0.974,1000,1000,1000,0,1.0,9643.069
0.975,1000,1000,1000,0,1.0,9652.607
0.976,1000,1000,1000,0,1.0,9662.235
0.977,1000,1000,1000,0,1.0,9672.821
0.978,1000,1000,1000,0,1.0,9681.451
0.979,1000,1000,1000,0,1.0,9691.917
0.98,1000,1000,1000,0,1.0,9703.089
0.981,1000,1000,1000,0,1.0,9712.139
0.982,1000,1000,1000,0,1.0,9722.194
0.983,1000,1000,1000,0,1.0,9730.519
0.984,1000,1000,1000,0,1.0,9740.923
0.985,1000,1000,1000,0,1.0,9751.256
0.986,1000,1000,1000,0,1.0,9761.379
0.987,1000,1000,1000,0,1.0,9771.205
0.988,1000,1000,1000,0,1.0,9781.185
0.989,1000,1000,1000,0,1.0,9791.084
0.99,1000,1000,1000,0,1.0,9800.454
0.991,1000,1000,1000,0,1.0,9811.009
0.992,1000,1000,1000,0,1.0,9820.405
0.993,1000,1000,1000,0,1.0,9830.734
0.994,1000,1000,1000,0,1.0,9841.181
0.995,1000,1000,1000,0,1.0,9850.487
0.996,1000,1000,1000,0,1.0,9860.441
0.997,1000,1000,1000,0,1.0,9870.399
0.998,1000,1000,1000,0,1.0,9880.238
0.999,1000,1000,1000,0,1.0,9890.275
1.0,1000,1000,1000,0,1.0,9900.0
